cliente,id_cliente
Alimentación Total,1
Alimentos Premium,2
Almacén Estrella,3
Central de Abastos Central,4
Comercial Fresco,5
CompraMaestra,6
CompraRápida,7
Cosecha Fresca,8
Delicias del Campo,9
Distribuciones del Sol,10
Distribuidora Alfa,11
Distribuidora Gourmet,12
Distribuidora Nacional,13
EcoMercado Sostenible,14
EcoTienda,15
El Bazar de la Comida,16
La Canasta Feliz,17
La Gran Cosecha,18
La Ruta del Sabor,19
La Tienda Justa,20
MaxiAlimentos,21
MaxiDescuentos,22
MegaAhorro,23
MegaCompra,24
Mercado Fresco XYZ,25
Mercado del Barrio,26
SuperAhorro Express,27
SuperEconómico,28
SuperMercado Ideal,29
SuperOfertas Plus,30
SuperValle Verde,31
Supermercados del Valle,32
Tienda Familiar,33
Tienda Selecta,34
