marca,id_marca
AromasCelestiales,1
ArteFrutal,2
AventuraFrutal,3
BrisaFrutal,4
CosechaDivina,5
CítricosSelectos,6
DeliciaNaturaleza,7
DeliciosoEdén,8
DulceEncanto,9
DulzuraSilvestre,10
EmbrujoFrutal,11
EncantoNativo,12
ExquisitoJardín,13
ExóticoManjar,14
FantasíaDelicia,15
FiestaSabor,16
FrescoDelValle,17
FrescuraInigualable,18
FrescuraMágica,19
FrutaDulce,20
GourmetFrutas,21
JugosoAroma,22
ManjarFruity,23
MaravillaJugosa,24
PaladarDorado,25
ParaísoFrutal,26
PlacerFrutado,27
RicoBosque,28
RincónFrutas,29
SaborNativo,30
SabrosoEdén,31
SinfoníaDelicias,32
TesoroNaturaleza,33
TropicalSabor,34
VibranteSabores,35
