proveedor,id_proveedor
Agricultura Inteligente TechCultivos,1
AgroEnvases Sostenibles,2
AgroQuímicos Naturales BioCultivos,3
AgroSoftware Soluciones,4
AgroSuministros del Campo,5
Agronutrientes del Futuro,6
Agrícola Solaris Energía,7
Apícola EcoMiel,8
Avícola San José,9
BioCosecha Orgánica,10
Carnes Sostenibles CampoReal,11
Cosechadoras Progresivas SA,12
Cultivos Hidropónicos Innovagro,13
EcoFungicidas Morales,14
EcoRiego Soluciones,15
Energía Renovable AgroSol,16
Fertilizantes Naturales del Valle,17
Fitosanitarios BioPro,18
Ganadería Orgánica TierraFértil,19
Herramientas Agroindustriales Gómez,20
Insecticidas Ecológicos Reyes,21
Mallas AgroProtección García,22
Maquinaria Agrícola Avanzada,23
Pecuaria Moderna Alcaraz,24
Pesca Sustentable Oceanica,25
Productos Lácteos EcoLeche,26
Reforestación Ecológica VerdeVida,27
RiegoSmart Innovación,28
Semillas Innovadoras S.A.,29
Semillero Genético BioCampo,30
Silos y Almacenes AgroVault,31
Tecnosembradoras del Sur,32
Tractores Eficientes Delgado,33
Veterinaria EcoAnimal,34
Vivero Verde Esperanza,35
